page,post_id,post_url
Gilgit Baltistan Assembly,gba_post001,https://www.facebook.com/share/p/1FjhqNENbV/
Gilgit Baltistan Assembly,gba_post002,https://www.facebook.com/share/p/16YhFsTaF9/
Gilgit Baltistan Assembly,gba_post003,https://www.facebook.com/share/p/1BppteTqqR/
Gilgit Baltistan Assembly,gba_post004,https://www.facebook.com/share/p/17w3t6JUNd/
Gilgit Baltistan Assembly,gba_post005,https://www.facebook.com/share/p/1ZDareVhbx/
Gilgit Baltistan Assembly,gba_post006,https://www.facebook.com/share/p/1D363ES7fF/
Gilgit Baltistan Assembly,gba_post007,https://www.facebook.com/share/p/17CvSfgpPm/
Progressive Gilgit - Baltistan,prgb_post001,https://www.facebook.com/share/p/17yA8yuioK/
Progressive Gilgit - Baltistan,prgb_post002,https://www.facebook.com/share/p/1AYbAp3Vm5/
Progressive Gilgit - Baltistan,prgb_post004,https://www.facebook.com/share/p/1GrrtmZKbm/
Progressive Gilgit - Baltistan,prgb_post005,https://www.facebook.com/share/p/15W67d5vrKZ/
Progressive Gilgit - Baltistan,prgb_post006,https://www.facebook.com/share/p/14QA1GM3hLH/
Progressive Gilgit - Baltistan,prgb_post007,https://www.facebook.com/share/p/16qVPLRqbR/
Progressive Gilgit - Baltistan,prgb_post008,https://www.facebook.com/share/p/1H2GwzU5FC/
Progressive Gilgit - Baltistan,prgb_post009,https://www.facebook.com/share/p/1A8NaXTASe/
Progressive Gilgit - Baltistan,prgb_post010,https://www.facebook.com/share/p/1HHBK62Bmy/
Progressive Gilgit - Baltistan,prgb_post012,https://www.facebook.com/share/p/1HTiRsEza1/
Progressive Gilgit - Baltistan,prgb_post013,https://www.facebook.com/share/p/1Bt96tf7xn/
Progressive Gilgit - Baltistan,prgb_post014,https://www.facebook.com/share/p/177V4GMKSS/
Progressive Gilgit - Baltistan,prgb_post015,https://www.facebook.com/share/p/14YLGc9TxCV/
Progressive Gilgit - Baltistan,prgb_post016,https://www.facebook.com/share/p/1Fx9zpBmC1/
Progressive Gilgit - Baltistan,prgb_post017,https://www.facebook.com/share/p/1DPWuwH4gr/
Progressive Gilgit - Baltistan,prgb_post018,https://www.facebook.com/share/p/1AY6BNw4UT/
Progressive Gilgit - Baltistan,prgb_post019,https://www.facebook.com/share/p/1GUBKXJwYb/
Progressive Gilgit - Baltistan,prgb_post020,https://www.facebook.com/share/p/17sS4vrUE9/
Progressive Gilgit - Baltistan,prgb_post021,https://www.facebook.com/share/p/1Efb1fr9wJ/
Progressive Gilgit - Baltistan,prgb_post022,https://www.facebook.com/share/p/1A3RZ5BqLa/
Progressive Gilgit - Baltistan,prgb_post023,https://www.facebook.com/share/p/1CULVncwhk/
Progressive Gilgit - Baltistan,prgb_post025,https://www.facebook.com/share/p/1Jm5QmSBzT/
Progressive Gilgit - Baltistan,prgb_post027,https://www.facebook.com/share/p/1CueqkZzYg/
Progressive Gilgit - Baltistan,prgb_post028,https://www.facebook.com/share/p/1BjZpUqShe/
Progressive Gilgit - Baltistan,prgb_post029,https://www.facebook.com/share/p/1FFJjnmd3g/
Progressive Gilgit - Baltistan,prgb_post030,https://www.facebook.com/share/p/1FnhTSwq4v/
Progressive Gilgit - Baltistan,prgb_post031,https://www.facebook.com/share/p/1Yw6JHLGZM/
Progressive Gilgit - Baltistan,prgb_post032,https://www.facebook.com/share/p/1Z9A9kzxpH/
Ibex Media Network,imn_post001,https://www.facebook.com/share/p/17r6V8to1Q/
Ibex Media Network,imn_post004,https://www.facebook.com/share/p/17BTxkZfFy/
Ibex Media Network,imn_post008,https://www.facebook.com/share/p/1AC3nFfT7g/
Ibex Media Network,imn_post016,https://www.facebook.com/share/p/1G4wzT15EF/
Ibex Media Network,imn_post017,https://www.facebook.com/share/p/1BMea4bUFX/
Pamir Times,pt_post001,https://www.facebook.com/share/p/17Xu9DAv1q/
Pamir Times,pt_post002,https://www.facebook.com/share/p/16dB843WCr/
Pamir Times,pt_post003,https://www.facebook.com/share/p/17SK7zr9XZ/
Pamir Times,pt_post006,https://www.facebook.com/share/p/1ALE51VSfE/
Pamir Times,pt_post008,https://www.facebook.com/share/p/1D63Yj9tWf/
Pamir Times,pt_post009,https://www.facebook.com/share/p/1FefqcK4Sx/
Pamir Times,pt_post010,https://www.facebook.com/share/p/17jU22AETF/
Pamir Times,pt_post011,https://www.facebook.com/share/p/1FDKwiNuXC/
Pamir Times,pt_post013,https://www.facebook.com/share/p/1HcNPAuSY5/
Pamir Times,pt_post015,https://www.facebook.com/share/p/17yX1xYc77/
Pamir Times,pt_post017,https://www.facebook.com/share/p/1Bek26KqA1/
Pamir Times,pt_post018,https://www.facebook.com/share/p/1VztqeYThu/
Pamir Times,pt_post020,https://www.facebook.com/share/p/17XN12c6kz/
Pamir Times,pt_post021,https://www.facebook.com/share/p/17QZjMtQrF/
Pamir Times,pt_post022,https://www.facebook.com/share/p/19x3DskxUK/
Pamir Times,pt_post024,https://www.facebook.com/share/p/15Uh82Ce5TL/
Pamir Times,pt_post026,https://www.facebook.com/share/p/17vWRzZ6xE/
Pamir Times,pt_post028,https://www.facebook.com/share/p/1JsPyrVocS/
Pamir Times,pt_post029,https://www.facebook.com/share/p/1AZF3eP9sM/
Pamir Times,pt_post036,https://www.facebook.com/share/p/1DGs795PiW/
Pamir Times,pt_post038,https://www.facebook.com/share/p/1EviJhBRYY/
Pamir Times,pt_post046,https://www.facebook.com/share/p/1BdXu5k1Ab/
Pamir Times,pt_post047,https://www.facebook.com/share/p/1CR9Qx6wQd/
Pamir Times,pt_post050,https://www.facebook.com/share/p/1ASv3nCd9o/
Pamir Times,pt_post051,https://www.facebook.com/pamirtimes/posts/pfbid02SXoX4bFktkmj8ADD4auscUZTuo8gpWfv3iJWLEQ2m3pA3C9bfnnjAkSp5pDxp8bMl
Pamir Times,pt_post053,https://www.facebook.com/share/p/1CwoS8FkAr/
Pamir Times,pt_post057,https://www.facebook.com/share/p/1ZVHiWQo1X/
Pamir Times,pt_post063,https://www.facebook.com/share/p/17JvW9nGoc/
