Table of Content,,,
section_title,start_page_number,start_image_filename,
هذا کتاب تحفتہ النّاظِرین  المعروف صَحیفَہ,N/A,Rasail002.jpg,Cover Title
Front Matter,N/A,Rasail003.jpg,Empty Page
هذا کتاب تحفتہ النّاظِرین  المعروف صَحیفَہ ,N/A,Rasail004.jpg,Inner Title
صحیفہ اول ,4,Rasail007.jpg,
صحیفہ دوم,5,Rasail008.jpg,
صحیفہ سوم,8,Rasail011.jpg,
صحیفہ چھارم,12,Rasail015.jpg,
صحیفہ پنجم,14,Rasail017.jpg,
صحیفہ ششم,17,Rasail020.jpg,
صحیفہ ھفتم,18,Rasail021.jpg,
صحیفہ ھشتم,20,Rasail023.jpg,
صحیفہ نھم,20,Rasail023.jpg,
صحیفہ دھم,23,Rasail026.jpg,
صحیفہ یازدھم,26,Rasail029.jpg,
صحیفہ دوازدھم,30,Rasail033.jpg,
صحیفہ سیزدھم,34,Rasail037.jpg,
صحیفہ چھاردھم,36,Rasail039.jpg,
صحیفہ پانزدھم,39,Rasail042.jpg,
صحیفہ شانزدھم,41,Rasail044.jpg,
صحیفہ ھفدھم,42,Rasail045.jpg,
صحیفہ ھجزدھم,44,Rasail047.jpg,
صحیفہ نوازدھم,46,Rasail049.jpg,
صحیفہ بیستم,48,Rasail051.jpg,
صحیفہ بیست و یکم,51,Rasail054.jpg,
صحیفہ بیست و دوم,53,Rasail057.jpg,
صحیفہ بیست و سوم,56,Rasail059.jpg,
صحیفہ بیست و چھارم,58,Rasail061.jpg,
صحیفہ بیست و پنجم,61,Rasail064.jpg,
صحیفہ بیست و ششم,64,Rasail067.jpg,
صحیفہ بیست و ھفتم,67,Rasail070.jpg,
صحیفہ بیست و ھشتم,69,Rasail072.jpg,
صحیفہ بیست و نھم,70,Rasail073.jpg,
صحیفہ سی ام,71,Rasail074.jpg,
صحیفہ سی و یکم,72,Rasail075.jpg,
صحیفہ سی و دوم,74,Rasail077.jpg,
صحیفہ سی و سوم,76,Rasail079.jpg,
صحیفہ سی و چھارم,77,Rasail080.jpg,
صحیفہ سی و پنجم,80,Rasail083.jpg,
صحیفہ سی و ششم,82,Rasail085.jpg,
هذا فهرست مضامین رسالۂ شرح المراتب,87,Rasail090.jpg,
مرتبۂ اول,88,Rasail091.jpg,
مرتبۂ دوم,88,Rasail091.jpg,
مرتبۂ سوم,89,Rasail092.jpg,
مرتبۂ چھارم,90,Rasail093.jpg,
مرتبۂ پنجم,91,Rasail094.jpg,
مرتبۂ ششم,92,Rasail095.jpg,
مرتبۂ ھفتم,93,Rasail096.jpg,
باب دربیان شناختن هفت حدود دین,95,Rasail098.jpg,
فصل در صفات مومنان اسماعیلیہ,96,Rasail099.jpg,
هذا فهرست مضامین رسالۂ دوازده فصل,101,Rasail104.jpg,
فصل اول ,102,Rasail105.jpg,
فصل دوم,103,Rasail106.jpg,
فصل سوم,106,Rasail109.jpg,
فصل چھارم,109,Rasail112.jpg,
فصل پنجم,110,Rasail113.jpg,
فصل ششم,113,Rasail116.jpg,
فصل ھفتم,114,Rasail117.jpg,
فصل ھشتم,115,Rasail118.jpg,
فصل نھم,116,Rasail119.jpg,
فصل دھم,116,Rasail119.jpg,
فصل یازدھم,117,Rasail120.jpg,
فصل دوازدھم,118,Rasail121.jpg,
باب شناخت امام,121,Rasail124.jpg,
گفتار مبارک حضرت مولانا عبد السلام امام مبین,146,Rasail149.jpg,
گفتار مبارک حضرت مولانا نزار,147,Rasail150.jpg,
مناجات,150,Rasail153.jpg,
هذا فهرست مضامین کتاب صحیفہ,153,Rasail156.jpg,Back Matter
اعلان,157,Rasail160.jpg,